agency,unit,period,period_type,year,total,local,pct,basis,url,note
Department of Education,School Food Services Branch; all public school meals,Jan to Oct 2022,CY,2022,50518995.61,,6.2,"All food purchased, share of total food cost; partial calendar year as first reported",https://hawaiipublicschools.org/wp-content/uploads/DOE_REPORT2023_LocalMeals.pdf,"Local dollars not stated in the report. Report to the 2023 Legislature."
Department of Education,School Food Services Branch; all public school meals,SY 2022-23,SY,2023,64111718.15,,6.14,"All food purchased July 2022 to June 2023, share of total food cost",https://hawaiipublicschools.org/wp-content/uploads/DOE_REPORT2024_LOCALMEALS.pdf,"Local dollars not stated. Produce 2.10%, beef and dairy 4.04% combined. Report to the 2024 Legislature."
Department of Education,School Food Services Branch; all public school meals,SY 2023-24,SY,2024,82018139.62,4452525.83,5.43,"All food purchased July 2023 to June 2024, share of total food cost",https://hawaiipublicschools.org/wp-content/uploads/DOE_REPORT2025_F2S.pdf,"Produce 1.83%, meat 3.00%, dairy 0.51%, bottled water 0.06%, poi 0.03%. The report attributes the decline from 6.14% to food price inflation. Report to the 2025 Legislature."
Department of Education,School Food Services Branch; all public school meals,SY 2024-25,SY,2025,77363171.08,5029704.86,6.5,"All food purchased July 2024 to June 2025, share of total food cost",https://hawaiipublicschools.org/wp-content/uploads/DOE_REPORT2026_LocalMealandFarmtoSchool.pdf,"Produce 2.34%, meat 2.88%, dairy 1.25%, special events 0.03%. The report states the total as $77,363,171.08 in one place and $77,363,717.08 in another. Report to the 2026 Legislature."
Department of Health,Hawaii State Hospital only; the Hansen's Disease facility cannot report,CY 2023,CY,2023,140203,49430,35,"Produce purchased at the hospital, share of total produce cost (not all food)",https://health.hawaii.gov/opppd/files/2024/03/39_HTH_Act187-SLH2021-LocalProduce.pdf,"Report filed February 2024 for the 2024 Legislature."
Department of Health,Hawaii State Hospital only; the Hansen's Disease facility cannot report,CY 2024,CY,2024,240246.60,37221.89,15.9,"Produce purchased at the hospital, share of total produce cost (not all food)",https://health.hawaii.gov/opppd/files/2026/02/CDPHND_HSH-local-food-purchase-AR-to-2025Leg.pdf,"The stated dollars imply 15.5%; the report states 15.9%. Report for the 2025 Legislature."
Department of Health,Hawaii State Hospital only; the Hansen's Disease facility cannot report,CY 2025,CY,2025,273786.60,42157.08,15.4,"Produce purchased at the hospital, share of total produce cost (not all food)",https://health.hawaii.gov/opppd/files/2025/12/CDPHND_HSH-Agriculture-AR-to-2026Leg_sub-20251229.pdf,"Report filed December 2025 for the 2026 Legislature. Local dollars fell from $49,430 in 2023 while total produce spending nearly doubled."
Department of Corrections and Rehabilitation,All public prisons,FY 2023,FY,2023,8899125.95,306386.93,3.44,"Local produce as a share of all food purchased (the report says 'produce' but totals all food)",https://dcr.hawaii.gov/wp-content/uploads/2024/12/Act-176-HRS-353H-Benchmarks-for-Purchase-of-Fresh-Local-Agricultural-Products-12-27-2023.pdf,"Fiscal year ending June 2023. Report dated December 2023."
Department of Corrections and Rehabilitation,All public prisons,FY 2024,FY,2024,10517613.03,373191.83,3.55,"Fresh local agricultural and local value-added products as a share of all food purchased (amended report)",https://dcr.hawaii.gov/wp-content/uploads/2025/01/2025-REPORT-TO-LEG-ACT-176-AS-AMENDED-BY-ACT-144-BENCHMARKS-FOR-PURCHASE-OF-LOCAL-AGRICULTURE-PRODUCTS.pdf,"A companion report on the produce basis states $371,619.83 and 3.53%. Report dated December 2024."
Department of Corrections and Rehabilitation,All public prisons,FY 2025,FY,2025,10311428.19,429554.87,4.17,"Fresh local agricultural products as a share of all food purchased, including $107,909.84 of produce grown at DCR facilities",https://dcr.hawaii.gov/wp-content/uploads/2025/12/2026-REPORT-TO-LEG-Report-on-the-Percentage.pdf,"Local fruit and vegetables $195,737.03, facility-grown $107,909.84, beef $125,908.00. Report dated December 2025."
University of Hawaii Community Colleges,Food used in academic programs (culinary),CY 2022,CY,2022,136517.17,,8.76,"Food purchased for academic programs, share of total food cost",https://www.hawaii.edu/govrel/docs/reports/2023/hrs27-8_2023_local-food-products_annual-report_508.pdf,"Local dollars not stated. Report dated December 2022."
University of Hawaii Community Colleges,Food used in academic programs (culinary),CY 2023,CY,2023,616125.69,,7.7,"Food purchased for academic programs, share of total food cost",https://www.hawaii.edu/govrel/docs/reports/2024/hrs27-8_2024_local-food-products_annual-report_508.pdf,"Report dated December 2023."
University of Hawaii Community Colleges,Food used in academic programs (culinary),CY 2024,CY,2024,611988.92,,7.91,"Food purchased for academic programs, share of total food cost",https://www.hawaii.edu/govrel/docs/reports/2025/hrs27-8_2025_local-food-purchased_annual-report_508.pdf,"Report dated December 2024."
University of Hawaii Community Colleges,Food used in academic programs (culinary),CY 2025,CY,2025,694346.31,,11.53,"Food purchased for academic programs, share of total food cost",https://www.hawaii.edu/govrel/docs/reports/2026/hrs27-8_2026_local-food-purchased_annual-report_508.pdf,"Report dated December 2025. First year above 10%."
University of Hawaii at Manoa,Food used in academic programs,CY 2022,CY,2022,12541,,94.9,"Food purchased for academic programs, share of total food cost",https://www.hawaii.edu/govrel/docs/reports/2023/hrs27-8_2023_local-food-products_annual-report_508.pdf,"Small program totals; shares swing widely."
University of Hawaii at Manoa,Food used in academic programs,CY 2023,CY,2023,21334,,91,"Food purchased for academic programs, share of total food cost",https://www.hawaii.edu/govrel/docs/reports/2024/hrs27-8_2024_local-food-products_annual-report_508.pdf,""
University of Hawaii at Manoa,Food used in academic programs,CY 2024,CY,2024,46888,,93.6,"Food purchased for academic programs, share of total food cost",https://www.hawaii.edu/govrel/docs/reports/2025/hrs27-8_2025_local-food-purchased_annual-report_508.pdf,""
University of Hawaii at Manoa,Food used in academic programs,CY 2025,CY,2025,7976.04,,25.9,"Food purchased for academic programs, share of total food cost",https://www.hawaii.edu/govrel/docs/reports/2026/hrs27-8_2026_local-food-purchased_annual-report_508.pdf,"Total spending fell to about $8,000."
University of Hawaii West Oahu,Food used in academic programs,CY 2022,CY,2022,94.33,,0,"Food purchased for academic programs, share of total food cost",https://www.hawaii.edu/govrel/docs/reports/2023/hrs27-8_2023_local-food-products_annual-report_508.pdf,"Totals under $150 a year."
University of Hawaii West Oahu,Food used in academic programs,CY 2023,CY,2023,118.28,,5,"Food purchased for academic programs, share of total food cost",https://www.hawaii.edu/govrel/docs/reports/2024/hrs27-8_2024_local-food-products_annual-report_508.pdf,""
University of Hawaii West Oahu,Food used in academic programs,CY 2024,CY,2024,69.66,,0,"Food purchased for academic programs, share of total food cost",https://www.hawaii.edu/govrel/docs/reports/2025/hrs27-8_2025_local-food-purchased_annual-report_508.pdf,""
University of Hawaii West Oahu,Food used in academic programs,CY 2025,CY,2025,146.77,,0,"Food purchased for academic programs, share of total food cost",https://www.hawaii.edu/govrel/docs/reports/2026/hrs27-8_2026_local-food-purchased_annual-report_508.pdf,""
University of Hawaii at Hilo,Food used in academic programs,CY 2025,CY,2025,0,0,,"Reports no food purchased for academic programs since 2022",https://www.hawaii.edu/govrel/docs/reports/2026/hrs27-8_2026_local-food-purchased_annual-report_508.pdf,"$0 reported in every year 2022 to 2025."
Department of Defense,Hawaii National Guard Youth Challenge Academy meals,CY 2025,CY,2025,,,,"Required to report under HRS 27-8; no report located on the department's site or the Legislature's reports portal",https://dod.hawaii.gov/blog/state-of-hawaii-department-of-defense-annual-report-2025/,"The FY2025 annual report does not mention local food purchasing. Checked 2026-09-20."
